2026-08-28,https://www.instagram.com/reel/DclaPs2APbg/,2026-09-02T11:21:32.036859+00:00
2026-08-30,https://www.instagram.com/reel/DcqmWF2mLX9/,2026-09-03T18:40:32.789335+00:00
2026-08-31,https://www.instagram.com/reel/DctRGrYCWc_/,2026-09-01T14:09:43.297073+00:00
2026-09-01,https://www.instagram.com/reel/Dcv7p_ZgVey/,2026-09-02T14:59:48.980296+00:00
2026-09-03,https://www.instagram.com/reel/Dcy6rgkDTSK/,2026-09-03T18:48:59.462613+00:00
2026-09-04,https://www.instagram.com/reel/Dc1zx5KlSbO/,2026-09-04T21:46:28.864895+00:00
2026-09-05,https://www.instagram.com/reel/Dc4pS3RijEL/,2026-09-06T00:12:35.358452+00:00
2026-09-06,https://www.instagram.com/reel/Dc7UTQmk8wB/,2026-09-07T01:06:46.169655+00:00
2026-09-07,https://www.instagram.com/reel/Dc-TfAPj-Gx/,2026-09-08T04:57:28.049284+00:00
2026-09-08,https://www.instagram.com/reel/DdBZ6xIgotA/,2026-09-09T09:51:29.274429+00:00
2026-09-09,https://www.instagram.com/reel/DdD_KS6EhOC/,2026-09-10T09:55:35.574588+00:00
2026-09-10,https://www.instagram.com/reel/DdHDkviElLt/,2026-09-11T14:31:29.216228+00:00
2026-09-12,https://www.instagram.com/reel/DdKEz9MkhDv/,2026-09-12T18:40:00.240767+00:00
2026-09-13,https://www.instagram.com/reel/DdMvN1CEvFH/,2026-09-13T19:29:06.448451+00:00
2026-09-14,https://www.instagram.com/reel/DdPUkQAFJHI/,2026-09-14T19:33:56.183980+00:00
2026-09-15,https://www.instagram.com/reel/DdSShlMAMix/,2026-09-15T23:13:51.548926+00:00
2026-09-16,https://www.instagram.com/reel/DdVAQFzG9Ax/,2026-09-17T00:31:56.183556+00:00
2026-09-17,https://www.instagram.com/reel/DdXr9w3kepD/,2026-09-18T01:32:08.133200+00:00
2026-09-18,https://www.instagram.com/reel/DdavxsnDNdm/,2026-09-19T06:03:23.288192+00:00
2026-09-19,https://www.instagram.com/reel/Ddd4CKvjyYC/,2026-09-20T11:13:14.744172+00:00
2026-09-20,https://www.instagram.com/reel/DdglokLjSVx/,2026-09-21T12:29:54.816262+00:00
2026-09-21,https://www.instagram.com/reel/DdjXMtJksIC/,2026-09-22T14:21:45.747896+00:00
2026-09-23,https://www.instagram.com/reel/DdmWJyiCRYx/,2026-09-23T18:10:19.053670+00:00
2026-09-24,https://www.instagram.com/reel/DdpLI9BDn7X/,2026-09-24T20:31:46.187969+00:00
2026-09-25,https://www.instagram.com/reel/Ddr949JAIhE/,2026-09-25T22:33:47.677154+00:00
2026-09-26,https://www.instagram.com/reel/Ddu4U0cADEG/,2026-09-27T01:42:53.273773+00:00
2026-09-27,https://www.instagram.com/reel/DdyK07ikfNW/,2026-09-28T08:22:11.050983+00:00
2026-09-29,https://www.instagram.com/reel/Dd1hrIkkb0F/,2026-09-29T15:39:37.394231+00:00
2026-09-30,https://www.instagram.com/reel/Dd4Izm5Cah-/,2026-09-30T16:00:03.739258+00:00
2026-10-01,https://www.instagram.com/reel/Dd7FpbREjW6/,2026-10-01T19:30:02.134464+00:00
2026-10-02,https://www.instagram.com/reel/Dd9rYb5jaMN/,2026-10-02T19:38:26.434521+00:00
2026-10-03,https://www.instagram.com/reel/DeAn4zigbB1/,2026-10-03T23:05:26.323855+00:00
2026-10-04,https://www.instagram.com/reel/DeDevBIoHTg/,2026-10-05T01:43:19.845550+00:00
2026-10-05,https://www.instagram.com/reel/DeGpRhwEuVt/,2026-10-06T07:12:57.217464+00:00
2026-10-06,https://www.instagram.com/reel/DeJk_hykoku/,2026-10-07T10:33:25.125132+00:00
2026-10-08,https://www.instagram.com/reel/DeMz85dDC5_/,2026-10-08T16:41:49.802552+00:00
2026-10-09,https://www.instagram.com/reel/DeP-rcIiT1L/,2026-10-09T22:13:07.795292+00:00
2026-10-10,https://www.instagram.com/reel/DeS24n8jcTf/,2026-10-11T01:03:14.777552+00:00
